TAZ,COUNTY,PUMA,REGION,COUNTYPUMA
1,1,7506,1,6
2,1,7507,1,7
3,1,7502,1,2
4,1,7502,1,2
5,1,7502,1,2
6,1,7502,1,2
7,1,7502,1,2
8,1,7502,1,2
9,1,7502,1,2
10,1,7503,1,3
11,1,7502,1,2
12,1,7502,1,2
13,1,7502,1,2
14,1,7503,1,3
15,1,7503,1,3
16,1,7503,1,3
17,1,7503,1,3
18,1,7503,1,3
19,1,7503,1,3
20,1,7503,1,3
21,1,7503,1,3
22,1,7503,1,3
23,1,7503,1,3
24,1,7502,1,2
25,1,7502,1,2
26,1,7503,1,3
27,1,7503,1,3
28,1,7503,1,3
29,1,7503,1,3
30,1,7503,1,3
31,1,7503,1,3
32,1,7502,1,2
33,1,7502,1,2
34,1,7502,1,2
35,1,7502,1,2
36,1,7502,1,2
37,1,7502,1,2
38,1,7502,1,2
39,1,7502,1,2
40,1,7503,1,3
41,1,7503,1,3
42,1,7503,1,3
43,1,7503,1,3
44,1,7502,1,2
45,1,7502,1,2
46,1,7502,1,2
47,1,7502,1,2
48,1,7502,1,2
49,1,7502,1,2
50,1,7502,1,2
51,1,7502,1,2
52,1,7502,1,2
53,1,7502,1,2
54,1,7502,1,2
55,1,7502,1,2
56,1,7502,1,2
57,1,7502,1,2
58,1,7502,1,2
59,1,7502,1,2
60,1,7502,1,2
61,1,7503,1,3
62,1,7503,1,3
63,1,7503,1,3
64,1,7502,1,2
65,1,7503,1,3
66,1,7503,1,3
67,1,7503,1,3
68,1,7503,1,3
69,1,7503,1,3
70,1,7503,1,3
71,1,7503,1,3
72,1,7503,1,3
73,1,7502,1,2
74,1,7502,1,2
75,1,7502,1,2
76,1,7503,1,3
77,1,7503,1,3
78,1,7503,1,3
79,1,7503,1,3
80,1,7503,1,3
81,1,7503,1,3
82,1,7503,1,3
83,1,7503,1,3
84,1,7503,1,3
85,1,7503,1,3
86,1,7503,1,3
87,1,7503,1,3
88,1,7503,1,3
89,1,7503,1,3
90,1,7503,1,3
91,1,7503,1,3
92,1,7502,1,2
93,1,7502,1,2
94,1,7502,1,2
95,1,7502,1,2
96,1,7502,1,2
97,1,7501,1,1
98,1,7501,1,1
99,1,7501,1,1
100,1,7501,1,1
101,1,7501,1,1
102,1,7501,1,1
103,1,7501,1,1
104,1,7501,1,1
105,1,7501,1,1
106,1,7501,1,1
107,1,7501,1,1
108,1,7501,1,1
109,1,7501,1,1
110,1,7501,1,1
111,1,7501,1,1
112,1,7501,1,1
113,1,7501,1,1
114,1,7501,1,1
115,1,7501,1,1
116,1,7501,1,1
117,1,7501,1,1
118,1,7501,1,1
119,1,7501,1,1
120,1,7501,1,1
121,1,7501,1,1
122,1,7501,1,1
123,1,7501,1,1
124,1,7501,1,1
125,1,7501,1,1
126,1,7501,1,1
127,1,7501,1,1
128,1,7501,1,1
129,1,7501,1,1
130,1,7501,1,1
131,1,7501,1,1
132,1,7501,1,1
133,1,7501,1,1
134,1,7501,1,1
135,1,7501,1,1
136,1,7501,1,1
137,1,7501,1,1
138,1,7502,1,2
139,1,7502,1,2
140,1,7502,1,2
141,1,7502,1,2
142,1,7501,1,1
143,1,7501,1,1
144,1,7501,1,1
145,1,7501,1,1
146,1,7501,1,1
147,1,7504,1,4
148,1,7504,1,4
149,1,7504,1,4
150,1,7504,1,4
151,1,7504,1,4
152,1,7504,1,4
153,1,7504,1,4
154,1,7504,1,4
155,1,7504,1,4
156,1,7504,1,4
157,1,7504,1,4
158,1,7502,1,2
159,1,7502,1,2
160,1,7502,1,2
161,1,7501,1,1
162,1,7502,1,2
163,1,7502,1,2
164,1,7502,1,2
165,1,7501,1,1
166,1,7501,1,1
167,1,7501,1,1
168,1,7501,1,1
169,1,7502,1,2
170,1,7502,1,2
171,1,7502,1,2
172,1,7502,1,2
173,1,7502,1,2
174,1,7501,1,1
175,1,7501,1,1
176,1,7501,1,1
177,1,7501,1,1
178,1,7501,1,1
179,1,7501,1,1
180,1,7501,1,1
181,1,7501,1,1
182,1,7501,1,1
183,1,7501,1,1
184,1,7501,1,1
185,1,7501,1,1
186,1,7501,1,1
187,1,7501,1,1
188,1,7501,1,1
189,1,7501,1,1
190,1,7501,1,1
191,1,7501,1,1
192,1,7501,1,1
193,1,7501,1,1
194,1,7501,1,1
195,1,7501,1,1
196,1,7501,1,1
197,1,7501,1,1
198,1,7501,1,1
199,1,7501,1,1
200,1,7501,1,1
201,1,7501,1,1
202,1,7501,1,1
203,1,7501,1,1
204,1,7501,1,1
205,1,7501,1,1
206,1,7501,1,1
207,1,7501,1,1
208,1,7501,1,1
209,1,7501,1,1
210,1,7501,1,1
211,1,7501,1,1
212,1,7504,1,4
213,1,7504,1,4
214,1,7504,1,4
215,1,7504,1,4
216,1,7504,1,4
217,1,7504,1,4
218,1,7501,1,1
219,1,7501,1,1
220,1,7501,1,1
221,1,7501,1,1
222,1,7501,1,1
223,1,7501,1,1
224,1,7501,1,1
225,1,7501,1,1
226,1,7504,1,4
227,1,7504,1,4
228,1,7504,1,4
229,1,7504,1,4
230,1,7504,1,4
231,1,7504,1,4
232,1,7504,1,4
233,1,7501,1,1
234,1,7501,1,1
235,1,7504,1,4
236,1,7504,1,4
237,1,7501,1,1
238,1,7501,1,1
239,1,7505,1,5
240,1,7504,1,4
241,1,7504,1,4
242,1,7507,1,7
243,1,7504,1,4
244,1,7504,1,4
245,1,7507,1,7
246,1,7506,1,6
247,1,7507,1,7
248,1,7504,1,4
249,1,7504,1,4
250,1,7504,1,4
251,1,7504,1,4
252,1,7504,1,4
253,1,7504,1,4
254,1,7504,1,4
255,1,7504,1,4
256,1,7504,1,4
257,1,7504,1,4
258,1,7504,1,4
259,1,7504,1,4
260,1,7504,1,4
261,1,7503,1,3
262,1,7503,1,3
263,1,7503,1,3
264,1,7503,1,3
265,1,7503,1,3
266,1,7503,1,3
267,1,7503,1,3
268,1,7503,1,3
269,1,7504,1,4
270,1,7506,1,6
271,1,7503,1,3
272,1,7507,1,7
273,1,7507,1,7
274,1,7507,1,7
275,1,7504,1,4
276,1,7504,1,4
277,1,7504,1,4
278,1,7504,1,4
279,1,7504,1,4
280,1,7504,1,4
281,1,7504,1,4
282,1,7504,1,4
283,1,7504,1,4
284,1,7504,1,4
285,1,7504,1,4
286,1,7504,1,4
287,1,7504,1,4
288,1,7504,1,4
289,1,7504,1,4
290,1,7504,1,4
291,1,7504,1,4
292,1,7506,1,6
293,1,7506,1,6
294,1,7506,1,6
295,1,7506,1,6
296,1,7507,1,7
297,1,7507,1,7
298,1,7507,1,7
299,1,7507,1,7
300,1,7506,1,6
301,1,7506,1,6
302,1,7503,1,3
303,1,7503,1,3
304,1,7503,1,3
305,1,7503,1,3
306,1,7503,1,3
307,1,7503,1,3
308,1,7503,1,3
309,1,7503,1,3
310,1,7503,1,3
311,1,7503,1,3
312,1,7503,1,3
313,1,7503,1,3
314,1,7503,1,3
315,1,7503,1,3
316,1,7507,1,7
317,1,7503,1,3
318,1,7507,1,7
319,1,7506,1,6
320,1,7504,1,4
321,1,7504,1,4
322,1,7507,1,7
323,1,7507,1,7
324,1,7504,1,4
325,1,7504,1,4
326,1,7507,1,7
327,1,7507,1,7
328,1,7507,1,7
329,1,7504,1,4
330,1,7504,1,4
331,1,7504,1,4
332,1,7504,1,4
333,1,7506,1,6
334,1,7506,1,6
335,1,7506,1,6
336,1,7506,1,6
337,1,7506,1,6
338,1,7506,1,6
339,1,7506,1,6
340,1,7506,1,6
341,1,7506,1,6
342,1,7506,1,6
343,1,7506,1,6
344,1,7506,1,6
345,1,7504,1,4
346,1,7504,1,4
347,1,7504,1,4
348,1,7504,1,4
349,1,7504,1,4
350,1,7504,1,4
351,1,7504,1,4
352,1,7504,1,4
353,1,7504,1,4
354,1,7504,1,4
355,1,7507,1,7
356,1,7506,1,6
357,1,7506,1,6
358,1,7506,1,6
359,1,7506,1,6
360,1,7506,1,6
361,1,7506,1,6
362,1,7507,1,7
363,1,7507,1,7
364,1,7507,1,7
365,1,7507,1,7
366,1,7507,1,7
367,1,7507,1,7
368,1,7507,1,7
369,1,7507,1,7
370,1,7507,1,7
371,1,7507,1,7
372,1,7507,1,7
373,1,7507,1,7
374,1,7507,1,7
375,1,7506,1,6
376,1,7506,1,6
377,1,7506,1,6
378,1,7506,1,6
379,1,7506,1,6
380,1,7506,1,6
381,1,7506,1,6
382,1,7506,1,6
383,1,7506,1,6
384,1,7507,1,7
385,1,7507,1,7
386,1,7507,1,7
387,1,7507,1,7
388,1,7507,1,7
389,1,7507,1,7
390,1,7507,1,7
391,1,7507,1,7
392,1,7507,1,7
393,1,7505,1,5
394,1,7505,1,5
395,1,7505,1,5
396,1,7505,1,5
397,1,7505,1,5
398,1,7505,1,5
399,1,7503,1,3
400,1,7503,1,3
401,1,7503,1,3
402,1,7505,1,5
403,1,7507,1,7
404,1,7507,1,7
405,1,7505,1,5
406,1,7505,1,5
407,1,7505,1,5
408,1,7503,1,3
409,1,7503,1,3
410,1,7503,1,3
411,1,7503,1,3
412,1,7507,1,7
413,1,7507,1,7
414,1,7504,1,4
415,1,7507,1,7
416,1,7507,1,7
417,1,7507,1,7
418,1,7507,1,7
419,1,7507,1,7
420,1,7507,1,7
421,1,7507,1,7
422,1,7507,1,7
423,1,7505,1,5
424,1,7505,1,5
425,1,7505,1,5
426,1,7503,1,3
427,1,7503,1,3
428,1,7507,1,7
429,1,7507,1,7
430,1,7507,1,7
431,1,7507,1,7
432,1,7506,1,6
433,1,7506,1,6
434,1,7506,1,6
435,1,7506,1,6
436,1,7506,1,6
437,1,7506,1,6
438,1,7507,1,7
439,1,7503,1,3
440,1,7504,1,4
441,1,7504,1,4
442,1,7503,1,3
443,1,7504,1,4
444,1,7504,1,4
445,1,7503,1,3
446,1,7503,1,3
447,1,7503,1,3
448,1,7507,1,7
449,1,7507,1,7
450,1,7507,1,7
451,1,7507,1,7
452,1,7503,1,3
453,1,7503,1,3
454,1,7503,1,3
455,1,7503,1,3
456,1,7503,1,3
457,1,7503,1,3
458,1,7503,1,3
459,1,7503,1,3
460,1,7503,1,3
461,1,7503,1,3
462,1,7503,1,3
463,1,7503,1,3
464,1,7503,1,3
465,1,7503,1,3
466,1,7503,1,3
467,1,7507,1,7
468,1,7507,1,7
469,1,7507,1,7
470,1,7507,1,7
471,1,7507,1,7
472,1,7507,1,7
473,1,7507,1,7
474,1,7507,1,7
475,1,7507,1,7
476,1,7502,1,2
477,1,7507,1,7
478,1,7507,1,7
479,1,7507,1,7
480,1,7507,1,7
481,1,7507,1,7
482,1,7507,1,7
483,1,7507,1,7
484,1,7507,1,7
485,1,7506,1,6
486,1,7506,1,6
487,1,7506,1,6
488,1,7506,1,6
489,1,7506,1,6
490,1,7503,1,3
491,1,7506,1,6
492,1,7506,1,6
493,1,7506,1,6
494,1,7506,1,6
495,1,7506,1,6
496,1,7506,1,6
497,1,7506,1,6
498,1,7506,1,6
499,1,7506,1,6
500,1,7506,1,6
501,1,7506,1,6
502,1,7506,1,6
503,1,7506,1,6
504,1,7505,1,5
505,1,7505,1,5
506,1,7505,1,5
507,1,7505,1,5
508,1,7505,1,5
509,1,7505,1,5
510,1,7505,1,5
511,1,7506,1,6
512,1,7506,1,6
513,1,7506,1,6
514,1,7506,1,6
515,1,7506,1,6
516,1,7506,1,6
517,1,7506,1,6
518,1,7506,1,6
519,1,7506,1,6
520,1,7506,1,6
521,1,7505,1,5
522,1,7505,1,5
523,1,7505,1,5
524,1,7505,1,5
525,1,7505,1,5
526,1,7505,1,5
527,1,7505,1,5
528,1,7505,1,5
529,1,7505,1,5
530,1,7505,1,5
531,1,7505,1,5
532,1,7505,1,5
533,1,7505,1,5
534,1,7505,1,5
535,1,7505,1,5
536,1,7505,1,5
537,1,7505,1,5
538,1,7505,1,5
539,1,7505,1,5
540,1,7505,1,5
541,1,7505,1,5
542,1,7505,1,5
543,1,7505,1,5
544,1,7505,1,5
545,1,7505,1,5
546,1,7505,1,5
547,1,7505,1,5
548,1,7505,1,5
549,1,7505,1,5
550,1,7505,1,5
551,1,7505,1,5
552,1,7506,1,6
553,1,7505,1,5
554,1,7505,1,5
555,1,7505,1,5
556,1,7505,1,5
557,1,7505,1,5
558,1,7505,1,5
559,1,7505,1,5
560,1,7505,1,5
561,1,7506,1,6
562,1,7506,1,6
563,1,7505,1,5
564,1,7505,1,5
565,1,7506,1,6
566,1,7506,1,6
567,1,7506,1,6
568,1,7506,1,6
569,1,7506,1,6
570,1,7506,1,6
571,1,7505,1,5
572,1,7505,1,5
573,1,7505,1,5
574,1,7505,1,5
575,1,7505,1,5
576,1,7505,1,5
577,1,7505,1,5
578,1,7505,1,5
579,1,7505,1,5
580,1,7505,1,5
581,1,7505,1,5
582,1,7505,1,5
583,1,7505,1,5
584,1,7505,1,5
585,1,7505,1,5
586,1,7505,1,5
587,1,7505,1,5
588,1,7505,1,5
589,1,7505,1,5
590,1,7506,1,6
591,1,7506,1,6
592,1,7506,1,6
593,1,7506,1,6
594,1,7505,1,5
595,1,7505,1,5
596,1,7506,1,6
597,1,7506,1,6
598,1,7506,1,6
599,1,7506,1,6
600,1,7506,1,6
601,1,7506,1,6
602,1,7505,1,5
603,1,7503,1,3
604,1,7503,1,3
605,1,7503,1,3
606,1,7503,1,3
607,1,7503,1,3
608,1,7503,1,3
609,1,7503,1,3
610,1,7503,1,3
611,1,7503,1,3
612,1,7503,1,3
613,1,7503,1,3
614,1,7503,1,3
615,1,7503,1,3
616,2,8101,1,8
617,2,8102,1,9
618,2,8102,1,9
619,2,8101,1,8
620,2,8101,1,8
621,2,8102,1,9
622,2,8102,1,9
623,2,8102,1,9
624,2,8101,1,8
625,2,8101,1,8
626,2,8101,1,8
627,2,8101,1,8
628,2,8101,1,8
629,2,8102,1,9
630,2,8102,1,9
631,2,8101,1,8
632,2,8101,1,8
633,2,8101,1,8
634,2,8101,1,8
635,2,8101,1,8
636,2,8101,1,8
637,2,8102,1,9
638,2,8102,1,9
639,2,8103,1,10
640,2,8103,1,10
641,2,8103,1,10
642,2,8103,1,10
643,2,8103,1,10
644,2,8101,1,8
645,2,8102,1,9
646,2,8102,1,9
647,2,8102,1,9
648,2,8102,1,9
649,2,8102,1,9
650,2,8102,1,9
651,2,8102,1,9
652,2,8102,1,9
653,2,8102,1,9
654,2,8102,1,9
655,2,8102,1,9
656,2,8103,1,10
657,2,8102,1,9
658,2,8103,1,10
659,2,8102,1,9
660,2,8102,1,9
661,2,8102,1,9
662,2,8102,1,9
663,2,8102,1,9
664,2,8102,1,9
665,2,8103,1,10
666,2,8101,1,8
667,2,8103,1,10
668,2,8103,1,10
669,2,8102,1,9
670,2,8102,1,9
671,2,8102,1,9
672,2,8103,1,10
673,2,8103,1,10
674,2,8103,1,10
675,2,8103,1,10
676,2,8103,1,10
677,2,8103,1,10
678,2,8101,1,8
679,2,8101,1,8
680,2,8102,1,9
681,2,8102,1,9
682,2,8103,1,10
683,2,8102,1,9
684,2,8102,1,9
685,2,8101,1,8
686,2,8101,1,8
687,2,8101,1,8
688,2,8101,1,8
689,2,8101,1,8
690,2,8101,1,8
691,2,8101,1,8
692,2,8101,1,8
693,2,8101,1,8
694,2,8101,1,8
695,2,8102,1,9
696,2,8102,1,9
697,2,8102,1,9
698,2,8102,1,9
699,2,8102,1,9
700,2,8101,1,8
701,2,8101,1,8
702,2,8101,1,8
703,2,8101,1,8
704,2,8101,1,8
705,2,8101,1,8
706,2,8101,1,8
707,2,8102,1,9
708,2,8103,1,10
709,2,8103,1,10
710,2,8103,1,10
711,2,8103,1,10
712,2,8103,1,10
713,2,8101,1,8
714,2,8101,1,8
715,2,8101,1,8
716,2,8101,1,8
717,2,8103,1,10
718,2,8103,1,10
719,2,8103,1,10
720,2,8101,1,8
721,2,8101,1,8
722,2,8101,1,8
723,2,8101,1,8
724,2,8102,1,9
725,2,8102,1,9
726,2,8101,1,8
727,2,8101,1,8
728,2,8102,1,9
729,2,8102,1,9
730,2,8102,1,9
731,2,8102,1,9
732,2,8102,1,9
733,2,8102,1,9
734,2,8102,1,9
735,2,8102,1,9
736,2,8102,1,9
737,2,8102,1,9
738,2,8104,1,11
739,2,8104,1,11
740,2,8104,1,11
741,2,8104,1,11
742,2,8103,1,10
743,2,8104,1,11
744,2,8104,1,11
745,2,8104,1,11
746,2,8104,1,11
747,2,8104,1,11
748,2,8104,1,11
749,2,8104,1,11
750,2,8105,1,12
751,2,8105,1,12
752,2,8103,1,10
753,2,8103,1,10
754,2,8103,1,10
755,2,8104,1,11
756,2,8104,1,11
757,2,8104,1,11
758,2,8104,1,11
759,2,8104,1,11
760,2,8104,1,11
761,2,8104,1,11
762,2,8104,1,11
763,2,8104,1,11
764,2,8105,1,12
765,2,8103,1,10
766,2,8103,1,10
767,2,8103,1,10
768,2,8103,1,10
769,2,8103,1,10
770,2,8103,1,10
771,2,8105,1,12
772,2,8105,1,12
773,2,8105,1,12
774,2,8103,1,10
775,2,8103,1,10
776,2,8103,1,10
777,2,8103,1,10
778,2,8103,1,10
779,2,8103,1,10
780,2,8103,1,10
781,2,8103,1,10
782,2,8105,1,12
783,2,8103,1,10
784,2,8103,1,10
785,2,8103,1,10
786,2,8104,1,11
787,2,8103,1,10
788,2,8104,1,11
789,2,8104,1,11
790,2,8105,1,12
791,2,8105,1,12
792,2,8103,1,10
793,2,8103,1,10
794,2,8104,1,11
795,2,8104,1,11
796,2,8104,1,11
797,2,8104,1,11
798,2,8103,1,10
799,2,8103,1,10
800,2,8103,1,10
801,2,8103,1,10
802,2,8103,1,10
803,2,8103,1,10
804,2,8103,1,10
805,2,8103,1,10
806,2,8104,1,11
807,2,8104,1,11
808,2,8104,1,11
809,2,8104,1,11
810,2,8104,1,11
811,2,8103,1,10
812,2,8103,1,10
813,2,8103,1,10
814,2,8104,1,11
815,2,8103,1,10
816,2,8104,1,11
817,2,8104,1,11
818,2,8104,1,11
819,2,8104,1,11
820,2,8104,1,11
821,2,8104,1,11
822,2,8104,1,11
823,2,8104,1,11
824,2,8103,1,10
825,2,8103,1,10
826,2,8103,1,10
827,2,8103,1,10
828,2,8104,1,11
829,2,8103,1,10
830,2,8103,1,10
831,2,8103,1,10
832,2,8103,1,10
833,2,8103,1,10
834,2,8104,1,11
835,2,8104,1,11
836,2,8105,1,12
837,2,8105,1,12
838,2,8106,1,13
839,2,8105,1,12
840,2,8106,1,13
841,2,8106,1,13
842,2,8105,1,12
843,2,8105,1,12
844,2,8105,1,12
845,2,8105,1,12
846,2,8106,1,13
847,2,8105,1,12
848,2,8105,1,12
849,2,8106,1,13
850,2,8106,1,13
851,2,8106,1,13
852,2,8104,1,11
853,2,8106,1,13
854,2,8106,1,13
855,2,8106,1,13
856,2,8106,1,13
857,2,8106,1,13
858,2,8106,1,13
859,2,8106,1,13
860,2,8105,1,12
861,2,8105,1,12
862,2,8105,1,12
863,2,8106,1,13
864,2,8106,1,13
865,2,8106,1,13
866,2,8106,1,13
867,2,8106,1,13
868,2,8106,1,13
869,2,8106,1,13
870,2,8106,1,13
871,2,8105,1,12
872,2,8105,1,12
873,2,8106,1,13
874,2,8106,1,13
875,2,8106,1,13
876,2,8105,1,12
877,2,8105,1,12
878,2,8105,1,12
879,2,8106,1,13
880,2,8105,1,12
881,2,8105,1,12
882,2,8105,1,12
883,2,8106,1,13
884,2,8106,1,13
885,2,8106,1,13
886,2,8105,1,12
887,2,8105,1,12
888,2,8106,1,13
889,2,8106,1,13
890,2,8106,1,13
891,2,8106,1,13
892,2,8106,1,13
893,2,8105,1,12
894,2,8105,1,12
895,2,8105,1,12
896,2,8106,1,13
897,2,8106,1,13
898,2,8105,1,12
899,2,8105,1,12
900,2,8105,1,12
901,2,8105,1,12
902,2,8105,1,12
903,2,8105,1,12
904,2,8105,1,12
905,2,8105,1,12
906,2,8105,1,12
907,2,8105,1,12
908,2,8105,1,12
909,2,8106,1,13
910,2,8105,1,12
911,2,8105,1,12
912,2,8106,1,13
913,2,8106,1,13
914,2,8105,1,12
915,2,8105,1,12
916,2,8105,1,12
917,2,8105,1,12
918,3,8501,1,14
919,3,8501,1,14
920,3,8501,1,14
921,3,8501,1,14
922,3,8501,1,14
923,3,8501,1,14
924,3,8501,1,14
925,3,8501,1,14
926,3,8501,1,14
927,3,8501,1,14
928,3,8501,1,14
929,3,8501,1,14
930,3,8501,1,14
931,3,8501,1,14
932,3,8501,1,14
933,3,8501,1,14
934,3,8501,1,14
935,3,8501,1,14
936,3,8501,1,14
937,3,8501,1,14
938,3,8501,1,14
939,3,8501,1,14
940,3,8501,1,14
941,3,8501,1,14
942,3,8501,1,14
943,3,8501,1,14
944,3,8501,1,14
945,3,8501,1,14
946,3,8501,1,14
947,3,8501,1,14
948,3,8501,1,14
949,3,8501,1,14
950,3,8501,1,14
951,3,8501,1,14
952,3,8501,1,14
953,3,8501,1,14
954,3,8501,1,14
955,3,8501,1,14
956,3,8501,1,14
957,3,8501,1,14
958,3,8501,1,14
959,3,8501,1,14
960,3,8501,1,14
961,3,8501,1,14
962,3,8501,1,14
963,3,8501,1,14
964,3,8501,1,14
965,3,8501,1,14
966,3,8501,1,14
967,3,8501,1,14
968,3,8501,1,14
969,3,8501,1,14
970,3,8501,1,14
971,3,8501,1,14
972,3,8501,1,14
973,3,8501,1,14
974,3,8501,1,14
975,3,8501,1,14
976,3,8501,1,14
977,3,8501,1,14
978,3,8501,1,14
979,3,8501,1,14
980,3,8501,1,14
981,3,8501,1,14
982,3,8501,1,14
983,3,8501,1,14
984,3,8501,1,14
985,3,8501,1,14
986,3,8501,1,14
987,3,8501,1,14
988,3,8501,1,14
989,3,8501,1,14
990,3,8501,1,14
991,3,8501,1,14
992,3,8501,1,14
993,3,8501,1,14
994,3,8501,1,14
995,3,8501,1,14
996,3,8501,1,14
997,3,8501,1,14
998,3,8501,1,14
999,3,8501,1,14
1000,3,8501,1,14
1001,3,8501,1,14
1002,3,8501,1,14
1003,3,8501,1,14
1004,3,8501,1,14
1005,3,8501,1,14
1006,3,8501,1,14
1007,3,8501,1,14
1008,3,8501,1,14
1009,3,8501,1,14
1010,3,8501,1,14
1011,3,8501,1,14
1012,3,8501,1,14
1013,3,8502,1,15
1014,3,8502,1,15
1015,3,8502,1,15
1016,3,8502,1,15
1017,3,8502,1,15
1018,3,8502,1,15
1019,3,8502,1,15
1020,3,8502,1,15
1021,3,8501,1,14
1022,3,8501,1,14
1023,3,8502,1,15
1024,3,8502,1,15
1025,3,8503,1,16
1026,3,8503,1,16
1027,3,8503,1,16
1028,3,8503,1,16
1029,3,8502,1,15
1030,3,8502,1,15
1031,3,8502,1,15
1032,3,8502,1,15
1033,3,8502,1,15
1034,3,8502,1,15
1035,3,8502,1,15
1036,3,8502,1,15
1037,3,8502,1,15
1038,3,8502,1,15
1039,3,8503,1,16
1040,3,8503,1,16
1041,3,8509,1,22
1042,3,8501,1,14
1043,3,8502,1,15
1044,3,8503,1,16
1045,3,8503,1,16
1046,3,8503,1,16
1047,3,8503,1,16
1048,3,8503,1,16
1049,3,8502,1,15
1050,3,8503,1,16
1051,3,8501,1,14
1052,3,8503,1,16
1053,3,8503,1,16
1054,3,8503,1,16
1055,3,8502,1,15
1056,3,8501,1,14
1057,3,8502,1,15
1058,3,8503,1,16
1059,3,8503,1,16
1060,3,8503,1,16
1061,3,8503,1,16
1062,3,8503,1,16
1063,3,8503,1,16
1064,3,8502,1,15
1065,3,8502,1,15
1066,3,8501,1,14
1067,3,8503,1,16
1068,3,8503,1,16
1069,3,8502,1,15
1070,3,8503,1,16
1071,3,8503,1,16
1072,3,8503,1,16
1073,3,8502,1,15
1074,3,8503,1,16
1075,3,8503,1,16
1076,3,8503,1,16
1077,3,8502,1,15
1078,3,8502,1,15
1079,3,8503,1,16
1080,3,8502,1,15
1081,3,8501,1,14
1082,3,8503,1,16
1083,3,8503,1,16
1084,3,8502,1,15
1085,3,8502,1,15
1086,3,8502,1,15
1087,3,8502,1,15
1088,3,8502,1,15
1089,3,8502,1,15
1090,3,8502,1,15
1091,3,8502,1,15
1092,3,8502,1,15
1093,3,8503,1,16
1094,3,8503,1,16
1095,3,8503,1,16
1096,3,8502,1,15
1097,3,8502,1,15
1098,3,8502,1,15
1099,3,8502,1,15
1100,3,8502,1,15
1101,3,8502,1,15
1102,3,8502,1,15
1103,3,8502,1,15
1104,3,8502,1,15
1105,3,8503,1,16
1106,3,8501,1,14
1107,3,8501,1,14
1108,3,8502,1,15
1109,3,8502,1,15
1110,3,8502,1,15
1111,3,8502,1,15
1112,3,8509,1,22
1113,3,8503,1,16
1114,3,8503,1,16
1115,3,8502,1,15
1116,3,8503,1,16
1117,3,8502,1,15
1118,3,8502,1,15
1119,3,8507,1,20
1120,3,8507,1,20
1121,3,8508,1,21
1122,3,8508,1,21
1123,3,8507,1,20
1124,3,8508,1,21
1125,3,8508,1,21
1126,3,8508,1,21
1127,3,8508,1,21
1128,3,8508,1,21
1129,3,8508,1,21
1130,3,8508,1,21
1131,3,8508,1,21
1132,3,8508,1,21
1133,3,8508,1,21
1134,3,8507,1,20
1135,3,8511,1,24
1136,3,8507,1,20
1137,3,8507,1,20
1138,3,8507,1,20
1139,3,8507,1,20
1140,3,8507,1,20
1141,3,8507,1,20
1142,3,8507,1,20
1143,3,8507,1,20
1144,3,8507,1,20
1145,3,8507,1,20
1146,3,8507,1,20
1147,3,8507,1,20
1148,3,8507,1,20
1149,3,8507,1,20
1150,3,8507,1,20
1151,3,8508,1,21
1152,3,8508,1,21
1153,3,8507,1,20
1154,3,8507,1,20
1155,3,8507,1,20
1156,3,8503,1,16
1157,3,8503,1,16
1158,3,8503,1,16
1159,3,8508,1,21
1160,3,8508,1,21
1161,3,8508,1,21
1162,3,8508,1,21
1163,3,8508,1,21
1164,3,8508,1,21
1165,3,8508,1,21
1166,3,8508,1,21
1167,3,8508,1,21
1168,3,8511,1,24
1169,3,8507,1,20
1170,3,8507,1,20
1171,3,8507,1,20
1172,3,8507,1,20
1173,3,8507,1,20
1174,3,8510,1,23
1175,3,8511,1,24
1176,3,8503,1,16
1177,3,8503,1,16
1178,3,8503,1,16
1179,3,8508,1,21
1180,3,8511,1,24
1181,3,8510,1,23
1182,3,8513,1,26
1183,3,8513,1,26
1184,3,8510,1,23
1185,3,8510,1,23
1186,3,8510,1,23
1187,3,8509,1,22
1188,3,8509,1,22
1189,3,8509,1,22
1190,3,8509,1,22
1191,3,8510,1,23
1192,3,8510,1,23
1193,3,8510,1,23
1194,3,8510,1,23
1195,3,8510,1,23
1196,3,8513,1,26
1197,3,8510,1,23
1198,3,8509,1,22
1199,3,8509,1,22
1200,3,8510,1,23
1201,3,8510,1,23
1202,3,8510,1,23
1203,3,8510,1,23
1204,3,8508,1,21
1205,3,8509,1,22
1206,3,8509,1,22
1207,3,8509,1,22
1208,3,8510,1,23
1209,3,8510,1,23
1210,3,8510,1,23
1211,3,8510,1,23
1212,3,8510,1,23
1213,3,8510,1,23
1214,3,8503,1,16
1215,3,8510,1,23
1216,3,8510,1,23
1217,3,8510,1,23
1218,3,8509,1,22
1219,3,8510,1,23
1220,3,8510,1,23
1221,3,8509,1,22
1222,3,8509,1,22
1223,3,8510,1,23
1224,3,8509,1,22
1225,3,8509,1,22
1226,3,8509,1,22
1227,3,8509,1,22
1228,3,8509,1,22
1229,3,8510,1,23
1230,3,8510,1,23
1231,3,8509,1,22
1232,3,8509,1,22
1233,3,8509,1,22
1234,3,8509,1,22
1235,3,8509,1,22
1236,3,8509,1,22
1237,3,8509,1,22
1238,3,8509,1,22
1239,3,8509,1,22
1240,3,8509,1,22
1241,3,8510,1,23
1242,3,8510,1,23
1243,3,8503,1,16
1244,3,8510,1,23
1245,3,8510,1,23
1246,3,8510,1,23
1247,3,8503,1,16
1248,3,8510,1,23
1249,3,8513,1,26
1250,3,8509,1,22
1251,3,8509,1,22
1252,3,8509,1,22
1253,3,8509,1,22
1254,3,8509,1,22
1255,3,8513,1,26
1256,3,8510,1,23
1257,3,8513,1,26
1258,3,8513,1,26
1259,3,8509,1,22
1260,3,8509,1,22
1261,3,8509,1,22
1262,3,8509,1,22
1263,3,8509,1,22
1264,3,8509,1,22
1265,3,8509,1,22
1266,3,8509,1,22
1267,3,8510,1,23
1268,3,8513,1,26
1269,3,8510,1,23
1270,3,8509,1,22
1271,3,8509,1,22
1272,3,8509,1,22
1273,3,8509,1,22
1274,3,8509,1,22
1275,3,8509,1,22
1276,3,8509,1,22
1277,3,8509,1,22
1278,3,8509,1,22
1279,3,8509,1,22
1280,3,8509,1,22
1281,3,8510,1,23
1282,3,8510,1,23
1283,3,8510,1,23
1284,3,8509,1,22
1285,3,8509,1,22
1286,3,8509,1,22
1287,3,8509,1,22
1288,3,8509,1,22
1289,3,8509,1,22
1290,3,8509,1,22
1291,3,8509,1,22
1292,3,8509,1,22
1293,3,8509,1,22
1294,3,8509,1,22
1295,3,8509,1,22
1296,3,8509,1,22
1297,3,8509,1,22
1298,3,8510,1,23
1299,3,8503,1,16
1300,3,8503,1,16
1301,3,8503,1,16
1302,3,8510,1,23
1303,3,8513,1,26
1304,3,8503,1,16
1305,3,8503,1,16
1306,3,8510,1,23
1307,3,8510,1,23
1308,3,8509,1,22
1309,3,8514,1,27
1310,3,8514,1,27
1311,3,8505,1,18
1312,3,8513,1,26
1313,3,8514,1,27
1314,3,8513,1,26
1315,3,8505,1,18
1316,3,8505,1,18
1317,3,8505,1,18
1318,3,8513,1,26
1319,3,8504,1,17
1320,3,8504,1,17
1321,3,8504,1,17
1322,3,8504,1,17
1323,3,8504,1,17
1324,3,8504,1,17
1325,3,8504,1,17
1326,3,8504,1,17
1327,3,8504,1,17
1328,3,8504,1,17
1329,3,8504,1,17
1330,3,8504,1,17
1331,3,8514,1,27
1332,3,8505,1,18
1333,3,8513,1,26
1334,3,8505,1,18
1335,3,8514,1,27
1336,3,8514,1,27
1337,3,8514,1,27
1338,3,8514,1,27
1339,3,8505,1,18
1340,3,8505,1,18
1341,3,8514,1,27
1342,3,8514,1,27
1343,3,8505,1,18
1344,3,8514,1,27
1345,3,8505,1,18
1346,3,8504,1,17
1347,3,8504,1,17
1348,3,8504,1,17
1349,3,8513,1,26
1350,3,8513,1,26
1351,3,8513,1,26
1352,3,8514,1,27
1353,3,8505,1,18
1354,3,8505,1,18
1355,3,8514,1,27
1356,3,8514,1,27
1357,3,8514,1,27
1358,3,8514,1,27
1359,3,8505,1,18
1360,3,8505,1,18
1361,3,8505,1,18
1362,3,8505,1,18
1363,3,8505,1,18
1364,3,8505,1,18
1365,3,8505,1,18
1366,3,8505,1,18
1367,3,8505,1,18
1368,3,8504,1,17
1369,3,8504,1,17
1370,3,8504,1,17
1371,3,8504,1,17
1372,3,8504,1,17
1373,3,8504,1,17
1374,3,8504,1,17
1375,3,8504,1,17
1376,3,8504,1,17
1377,3,8504,1,17
1378,3,8514,1,27
1379,3,8514,1,27
1380,3,8514,1,27
1381,3,8504,1,17
1382,3,8504,1,17
1383,3,8504,1,17
1384,3,8504,1,17
1385,3,8504,1,17
1386,3,8514,1,27
1387,3,8514,1,27
1388,3,8514,1,27
1389,3,8514,1,27
1390,3,8514,1,27
1391,3,8514,1,27
1392,3,8514,1,27
1393,3,8514,1,27
1394,3,8504,1,17
1395,3,8504,1,17
1396,3,8514,1,27
1397,3,8514,1,27
1398,3,8504,1,17
1399,3,8504,1,17
1400,3,8504,1,17
1401,3,8504,1,17
1402,3,8504,1,17
1403,3,8504,1,17
1404,3,8504,1,17
1405,3,8504,1,17
1406,3,8514,1,27
1407,3,8504,1,17
1408,3,8504,1,17
1409,3,8504,1,17
1410,3,8504,1,17
1411,3,8512,1,25
1412,3,8512,1,25
1413,3,8512,1,25
1414,3,8512,1,25
1415,3,8512,1,25
1416,3,8512,1,25
1417,3,8513,1,26
1418,3,8512,1,25
1419,3,8512,1,25
1420,3,8512,1,25
1421,3,8511,1,24
1422,3,8512,1,25
1423,3,8513,1,26
1424,3,8511,1,24
1425,3,8511,1,24
1426,3,8511,1,24
1427,3,8512,1,25
1428,3,8512,1,25
1429,3,8512,1,25
1430,3,8512,1,25
1431,3,8512,1,25
1432,3,8512,1,25
1433,3,8512,1,25
1434,3,8513,1,26
1435,3,8511,1,24
1436,3,8511,1,24
1437,3,8511,1,24
1438,3,8511,1,24
1439,3,8512,1,25
1440,3,8512,1,25
1441,3,8512,1,25
1442,3,8511,1,24
1443,3,8511,1,24
1444,3,8510,1,23
1445,3,8511,1,24
1446,3,8511,1,24
1447,3,8511,1,24
1448,3,8511,1,24
1449,3,8513,1,26
1450,3,8513,1,26
1451,3,8513,1,26
1452,3,8511,1,24
1453,3,8513,1,26
1454,3,8512,1,25
1455,3,8511,1,24
1456,3,8511,1,24
1457,3,8513,1,26
1458,3,8512,1,25
1459,3,8512,1,25
1460,3,8512,1,25
1461,3,8512,1,25
1462,3,8512,1,25
1463,3,8511,1,24
1464,3,8513,1,26
1465,3,8511,1,24
1466,3,8511,1,24
1467,3,8511,1,24
1468,3,8511,1,24
1469,3,8506,1,19
1470,3,8506,1,19
1471,3,8506,1,19
1472,3,8506,1,19
1473,3,8506,1,19
1474,3,8506,1,19
1475,3,8506,1,19
1476,3,8506,1,19
1477,3,8506,1,19
1478,3,8506,1,19
1479,3,8506,1,19
1480,3,8506,1,19
1481,3,8506,1,19
1482,3,8506,1,19
1483,3,8506,1,19
1484,3,8506,1,19
1485,3,8506,1,19
1486,3,8506,1,19
1487,3,8506,1,19
1488,3,8506,1,19
1489,3,8506,1,19
1490,3,8506,1,19
1491,3,8506,1,19
1492,3,8506,1,19
1493,3,8506,1,19
1494,3,8506,1,19
1495,3,8506,1,19
1496,3,8506,1,19
1497,3,8506,1,19
1498,3,8506,1,19
1499,3,8506,1,19
1500,3,8506,1,19
1501,3,8506,1,19
1502,3,8506,1,19
1503,3,8506,1,19
1504,3,8506,1,19
1505,3,8506,1,19
1506,3,8506,1,19
1507,3,8506,1,19
1508,3,8506,1,19
1509,3,8508,1,21
1510,3,8508,1,21
1511,3,8508,1,21
1512,3,8508,1,21
1513,3,8503,1,16
1514,3,8503,1,16
1515,3,8503,1,16
1516,3,8502,1,15
1517,3,8503,1,16
1518,3,8509,1,22
1519,3,8509,1,22
1520,3,8509,1,22
1521,3,8509,1,22
1522,3,8509,1,22
1523,3,8509,1,22
1524,3,8509,1,22
1525,3,8504,1,17
1526,3,8509,1,22
1527,3,8504,1,17
1528,3,8504,1,17
1529,3,8504,1,17
1530,4,102,1,29
1531,4,110,1,37
1532,4,110,1,37
1533,4,110,1,37
1534,4,110,1,37
1535,4,110,1,37
1536,4,110,1,37
1537,4,110,1,37
1538,4,110,1,37
1539,4,110,1,37
1540,4,110,1,37
1541,4,110,1,37
1542,4,110,1,37
1543,4,110,1,37
1544,4,110,1,37
1545,4,110,1,37
1546,4,110,1,37
1547,4,110,1,37
1548,4,110,1,37
1549,4,110,1,37
1550,4,110,1,37
1551,4,110,1,37
1552,4,110,1,37
1553,4,110,1,37
1554,4,110,1,37
1555,4,110,1,37
1556,4,110,1,37
1557,4,110,1,37
1558,4,110,1,37
1559,4,110,1,37
1560,4,110,1,37
1561,4,110,1,37
1562,4,110,1,37
1563,4,110,1,37
1564,4,110,1,37
1565,4,110,1,37
1566,4,110,1,37
1567,4,110,1,37
1568,4,110,1,37
1569,4,110,1,37
1570,4,110,1,37
1571,4,110,1,37
1572,4,110,1,37
1573,4,110,1,37
1574,4,110,1,37
1575,4,110,1,37
1576,4,110,1,37
1577,4,110,1,37
1578,4,110,1,37
1579,4,110,1,37
1580,4,110,1,37
1581,4,110,1,37
1582,4,110,1,37
1583,4,110,1,37
1584,4,110,1,37
1585,4,110,1,37
1586,4,110,1,37
1587,4,110,1,37
1588,4,110,1,37
1589,4,110,1,37
1590,4,110,1,37
1591,4,110,1,37
1592,4,110,1,37
1593,4,110,1,37
1594,4,110,1,37
1595,4,110,1,37
1596,4,110,1,37
1597,4,110,1,37
1598,4,110,1,37
1599,4,110,1,37
1600,4,110,1,37
1601,4,110,1,37
1602,4,110,1,37
1603,4,110,1,37
1604,4,110,1,37
1605,4,110,1,37
1606,4,110,1,37
1607,4,110,1,37
1608,4,110,1,37
1609,4,110,1,37
1610,4,110,1,37
1611,4,110,1,37
1612,4,110,1,37
1613,4,110,1,37
1614,4,110,1,37
1615,4,110,1,37
1616,4,110,1,37
1617,4,108,1,35
1618,4,108,1,35
1619,4,109,1,36
1620,4,109,1,36
1621,4,108,1,35
1622,4,108,1,35
1623,4,109,1,36
1624,4,109,1,36
1625,4,109,1,36
1626,4,109,1,36
1627,4,109,1,36
1628,4,109,1,36
1629,4,109,1,36
1630,4,108,1,35
1631,4,109,1,36
1632,4,109,1,36
1633,4,109,1,36
1634,4,109,1,36
1635,4,109,1,36
1636,4,109,1,36
1637,4,109,1,36
1638,4,109,1,36
1639,4,109,1,36
1640,4,109,1,36
1641,4,108,1,35
1642,4,108,1,35
1643,4,108,1,35
1644,4,108,1,35
1645,4,108,1,35
1646,4,108,1,35
1647,4,109,1,36
1648,4,109,1,36
1649,4,109,1,36
1650,4,108,1,35
1651,4,109,1,36
1652,4,108,1,35
1653,4,108,1,35
1654,4,108,1,35
1655,4,108,1,35
1656,4,109,1,36
1657,4,109,1,36
1658,4,109,1,36
1659,4,109,1,36
1660,4,108,1,35
1661,4,109,1,36
1662,4,109,1,36
1663,4,108,1,35
1664,4,109,1,36
1665,4,109,1,36
1666,4,108,1,35
1667,4,109,1,36
1668,4,109,1,36
1669,4,108,1,35
1670,4,108,1,35
1671,4,108,1,35
1672,4,108,1,35
1673,4,108,1,35
1674,4,108,1,35
1675,4,109,1,36
1676,4,109,1,36
1677,4,108,1,35
1678,4,109,1,36
1679,4,109,1,36
1680,4,108,1,35
1681,4,108,1,35
1682,4,109,1,36
1683,4,108,1,35
1684,4,108,1,35
1685,4,109,1,36
1686,4,109,1,36
1687,4,109,1,36
1688,4,109,1,36
1689,4,109,1,36
1690,4,109,1,36
1691,4,108,1,35
1692,4,108,1,35
1693,4,108,1,35
1694,4,109,1,36
1695,4,109,1,36
1696,4,109,1,36
1697,4,108,1,35
1698,4,108,1,35
1699,4,108,1,35
1700,4,109,1,36
1701,4,109,1,36
1702,4,109,1,36
1703,4,109,1,36
1704,4,109,1,36
1705,4,109,1,36
1706,4,109,1,36
1707,4,109,1,36
1708,4,108,1,35
1709,4,108,1,35
1710,4,108,1,35
1711,4,108,1,35
1712,4,108,1,35
1713,4,109,1,36
1714,4,109,1,36
1715,4,109,1,36
1716,4,109,1,36
1717,4,109,1,36
1718,4,109,1,36
1719,4,108,1,35
1720,4,108,1,35
1721,4,108,1,35
1722,4,109,1,36
1723,4,108,1,35
1724,4,108,1,35
1725,4,109,1,36
1726,4,109,1,36
1727,4,109,1,36
1728,4,109,1,36
1729,4,108,1,35
1730,4,109,1,36
1731,4,108,1,35
1732,4,109,1,36
1733,4,109,1,36
1734,4,109,1,36
1735,4,108,1,35
1736,4,108,1,35
1737,4,108,1,35
1738,4,108,1,35
1739,4,108,1,35
1740,4,109,1,36
1741,4,109,1,36
1742,4,109,1,36
1743,4,108,1,35
1744,4,109,1,36
1745,4,109,1,36
1746,4,108,1,35
1747,4,108,1,35
1748,4,108,1,35
1749,4,108,1,35
1750,4,108,1,35
1751,4,109,1,36
1752,4,109,1,36
1753,4,108,1,35
1754,4,108,1,35
1755,4,108,1,35
1756,4,108,1,35
1757,4,109,1,36
1758,4,105,1,32
1759,4,105,1,32
1760,4,106,1,33
1761,4,106,1,33
1762,4,106,1,33
1763,4,106,1,33
1764,4,106,1,33
1765,4,106,1,33
1766,4,106,1,33
1767,4,106,1,33
1768,4,106,1,33
1769,4,106,1,33
1770,4,106,1,33
1771,4,106,1,33
1772,4,107,1,34
1773,4,106,1,33
1774,4,107,1,34
1775,4,107,1,34
1776,4,107,1,34
1777,4,107,1,34
1778,4,107,1,34
1779,4,107,1,34
1780,4,107,1,34
1781,4,107,1,34
1782,4,106,1,33
1783,4,105,1,32
1784,4,105,1,32
1785,4,105,1,32
1786,4,105,1,32
1787,4,105,1,32
1788,4,105,1,32
1789,4,105,1,32
1790,4,106,1,33
1791,4,107,1,34
1792,4,107,1,34
1793,4,106,1,33
1794,4,106,1,33
1795,4,106,1,33
1796,4,107,1,34
1797,4,107,1,34
1798,4,107,1,34
1799,4,107,1,34
1800,4,107,1,34
1801,4,107,1,34
1802,4,107,1,34
1803,4,107,1,34
1804,4,106,1,33
1805,4,106,1,33
1806,4,105,1,32
1807,4,105,1,32
1808,4,105,1,32
1809,4,105,1,32
1810,4,105,1,32
1811,4,107,1,34
1812,4,106,1,33
1813,4,105,1,32
1814,4,105,1,32
1815,4,105,1,32
1816,4,105,1,32
1817,4,106,1,33
1818,4,106,1,33
1819,4,105,1,32
1820,4,105,1,32
1821,4,107,1,34
1822,4,106,1,33
1823,4,105,1,32
1824,4,105,1,32
1825,4,105,1,32
1826,4,105,1,32
1827,4,105,1,32
1828,4,107,1,34
1829,4,107,1,34
1830,4,107,1,34
1831,4,107,1,34
1832,4,107,1,34
1833,4,105,1,32
1834,4,105,1,32
1835,4,105,1,32
1836,4,105,1,32
1837,4,105,1,32
1838,4,106,1,33
1839,4,107,1,34
1840,4,106,1,33
1841,4,106,1,33
1842,4,106,1,33
1843,4,106,1,33
1844,4,106,1,33
1845,4,107,1,34
1846,4,107,1,34
1847,4,107,1,34
1848,4,107,1,34
1849,4,105,1,32
1850,4,107,1,34
1851,4,107,1,34
1852,4,106,1,33
1853,4,107,1,34
1854,4,106,1,33
1855,4,106,1,33
1856,4,105,1,32
1857,4,106,1,33
1858,4,107,1,34
1859,4,107,1,34
1860,4,107,1,34
1861,4,106,1,33
1862,4,106,1,33
1863,4,107,1,34
1864,4,107,1,34
1865,4,107,1,34
1866,4,107,1,34
1867,4,106,1,33
1868,4,107,1,34
1869,4,107,1,34
1870,4,107,1,34
1871,4,107,1,34
1872,4,107,1,34
1873,4,107,1,34
1874,4,107,1,34
1875,4,105,1,32
1876,4,105,1,32
1877,4,105,1,32
1878,4,107,1,34
1879,4,107,1,34
1880,4,107,1,34
1881,4,107,1,34
1882,4,107,1,34
1883,4,107,1,34
1884,4,107,1,34
1885,4,105,1,32
1886,4,106,1,33
1887,4,106,1,33
1888,4,106,1,33
1889,4,106,1,33
1890,4,106,1,33
1891,4,107,1,34
1892,4,106,1,33
1893,4,107,1,34
1894,4,106,1,33
1895,4,107,1,34
1896,4,106,1,33
1897,4,106,1,33
1898,4,106,1,33
1899,4,106,1,33
1900,4,106,1,33
1901,4,106,1,33
1902,4,107,1,34
1903,4,106,1,33
1904,4,106,1,33
1905,4,105,1,32
1906,4,107,1,34
1907,4,107,1,34
1908,4,106,1,33
1909,4,107,1,34
1910,4,107,1,34
1911,4,107,1,34
1912,4,105,1,32
1913,4,105,1,32
1914,4,105,1,32
1915,4,105,1,32
1916,4,105,1,32
1917,4,105,1,32
1918,4,105,1,32
1919,4,105,1,32
1920,4,107,1,34
1921,4,107,1,34
1922,4,106,1,33
1923,4,106,1,33
1924,4,106,1,33
1925,4,105,1,32
1926,4,105,1,32
1927,4,105,1,32
1928,4,106,1,33
1929,4,106,1,33
1930,4,106,1,33
1931,4,106,1,33
1932,4,106,1,33
1933,4,107,1,34
1934,4,105,1,32
1935,4,105,1,32
1936,4,103,1,30
1937,4,103,1,30
1938,4,103,1,30
1939,4,103,1,30
1940,4,103,1,30
1941,4,103,1,30
1942,4,103,1,30
1943,4,103,1,30
1944,4,103,1,30
1945,4,103,1,30
1946,4,104,1,31
1947,4,103,1,30
1948,4,103,1,30
1949,4,103,1,30
1950,4,103,1,30
1951,4,105,1,32
1952,4,103,1,30
1953,4,105,1,32
1954,4,105,1,32
1955,4,105,1,32
1956,4,105,1,32
1957,4,105,1,32
1958,4,105,1,32
1959,4,105,1,32
1960,4,103,1,30
1961,4,105,1,32
1962,4,105,1,32
1963,4,103,1,30
1964,4,103,1,30
1965,4,103,1,30
1966,4,104,1,31
1967,4,104,1,31
1968,4,103,1,30
1969,4,105,1,32
1970,4,102,1,29
1971,4,104,1,31
1972,4,105,1,32
1973,4,102,1,29
1974,4,102,1,29
1975,4,102,1,29
1976,4,102,1,29
1977,4,102,1,29
1978,4,102,1,29
1979,4,102,1,29
1980,4,102,1,29
1981,4,105,1,32
1982,4,102,1,29
1983,4,105,1,32
1984,4,105,1,32
1985,4,102,1,29
1986,4,105,1,32
1987,4,105,1,32
1988,4,103,1,30
1989,4,104,1,31
1990,4,104,1,31
1991,4,104,1,31
1992,4,104,1,31
1993,4,104,1,31
1994,4,103,1,30
1995,4,102,1,29
1996,4,102,1,29
1997,4,102,1,29
1998,4,102,1,29
1999,4,102,1,29
2000,4,102,1,29
2001,4,102,1,29
2002,4,102,1,29
2003,4,103,1,30
2004,4,102,1,29
2005,4,102,1,29
2006,4,102,1,29
2007,4,103,1,30
2008,4,102,1,29
2009,4,102,1,29
2010,4,105,1,32
2011,4,104,1,31
2012,4,104,1,31
2013,4,104,1,31
2014,4,104,1,31
2015,4,104,1,31
2016,4,104,1,31
2017,4,102,1,29
2018,4,102,1,29
2019,4,104,1,31
2020,4,102,1,29
2021,4,102,1,29
2022,4,105,1,32
2023,4,105,1,32
2024,4,102,1,29
2025,4,102,1,29
2026,4,102,1,29
2027,4,104,1,31
2028,4,104,1,31
2029,4,104,1,31
2030,4,104,1,31
2031,4,104,1,31
2032,4,104,1,31
2033,4,104,1,31
2034,4,104,1,31
2035,4,103,1,30
2036,4,103,1,30
2037,4,103,1,30
2038,4,102,1,29
2039,4,103,1,30
2040,4,103,1,30
2041,4,103,1,30
2042,4,104,1,31
2043,4,104,1,31
2044,4,104,1,31
2045,4,104,1,31
2046,4,104,1,31
2047,4,104,1,31
2048,4,104,1,31
2049,4,104,1,31
2050,4,104,1,31
2051,4,105,1,32
2052,4,105,1,32
2053,4,104,1,31
2054,4,104,1,31
2055,4,104,1,31
2056,4,104,1,31
2057,4,104,1,31
2058,4,104,1,31
2059,4,104,1,31
2060,4,105,1,32
2061,4,102,1,29
2062,4,102,1,29
2063,4,102,1,29
2064,4,104,1,31
2065,4,104,1,31
2066,4,104,1,31
2067,4,102,1,29
2068,4,102,1,29
2069,4,103,1,30
2070,4,104,1,31
2071,4,104,1,31
2072,4,104,1,31
2073,4,104,1,31
2074,4,104,1,31
2075,4,104,1,31
2076,4,103,1,30
2077,4,105,1,32
2078,4,102,1,29
2079,4,102,1,29
2080,4,102,1,29
2081,4,103,1,30
2082,4,104,1,31
2083,4,104,1,31
2084,4,104,1,31
2085,4,104,1,31
2086,4,104,1,31
2087,4,103,1,30
2088,4,105,1,32
2089,4,102,1,29
2090,4,102,1,29
2091,4,105,1,32
2092,4,104,1,31
2093,4,103,1,30
2094,4,104,1,31
2095,4,103,1,30
2096,4,104,1,31
2097,4,103,1,30
2098,4,102,1,29
2099,4,103,1,30
2100,4,103,1,30
2101,4,103,1,30
2102,4,102,1,29
2103,4,103,1,30
2104,4,104,1,31
2105,4,104,1,31
2106,4,102,1,29
2107,4,105,1,32
2108,4,105,1,32
2109,4,105,1,32
2110,4,104,1,31
2111,4,102,1,29
2112,4,102,1,29
2113,4,103,1,30
2114,4,103,1,30
2115,4,102,1,29
2116,4,105,1,32
2117,4,105,1,32
2118,4,105,1,32
2119,4,102,1,29
2120,4,102,1,29
2121,4,102,1,29
2122,4,102,1,29
2123,4,103,1,30
2124,4,102,1,29
2125,4,102,1,29
2126,4,102,1,29
2127,4,105,1,32
2128,4,105,1,32
2129,4,105,1,32
2130,4,105,1,32
2131,4,105,1,32
2132,4,105,1,32
2133,4,102,1,29
2134,4,105,1,32
2135,4,105,1,32
2136,4,105,1,32
2137,4,103,1,30
2138,4,103,1,30
2139,4,102,1,29
2140,4,103,1,30
2141,4,103,1,30
2142,4,103,1,30
2143,4,102,1,29
2144,4,102,1,29
2145,4,102,1,29
2146,4,102,1,29
2147,4,103,1,30
2148,4,102,1,29
2149,4,102,1,29
2150,4,104,1,31
2151,4,102,1,29
2152,4,104,1,31
2153,4,102,1,29
2154,4,102,1,29
2155,4,103,1,30
2156,4,103,1,30
2157,4,103,1,30
2158,4,103,1,30
2159,4,103,1,30
2160,4,102,1,29
2161,4,102,1,29
2162,4,102,1,29
2163,4,102,1,29
2164,4,102,1,29
2165,4,102,1,29
2166,4,102,1,29
2167,4,102,1,29
2168,4,102,1,29
2169,4,102,1,29
2170,4,102,1,29
2171,4,103,1,30
2172,4,103,1,30
2173,4,104,1,31
2174,4,104,1,31
2175,4,103,1,30
2176,4,103,1,30
2177,4,103,1,30
2178,4,103,1,30
2179,4,104,1,31
2180,4,103,1,30
2181,4,102,1,29
2182,4,102,1,29
2183,4,102,1,29
2184,4,102,1,29
2185,4,102,1,29
2186,4,102,1,29
2187,4,102,1,29
2188,4,104,1,31
2189,4,105,1,32
2190,4,104,1,31
2191,4,103,1,30
2192,4,103,1,30
2193,4,103,1,30
2194,4,103,1,30
2195,4,103,1,30
2196,4,103,1,30
2197,4,105,1,32
2198,4,103,1,30
2199,4,104,1,31
2200,4,104,1,31
2201,4,104,1,31
2202,4,104,1,31
2203,4,104,1,31
2204,4,104,1,31
2205,4,104,1,31
2206,4,104,1,31
2207,4,103,1,30
2208,4,103,1,30
2209,4,104,1,31
2210,4,102,1,29
2211,4,104,1,31
2212,4,104,1,31
2213,4,103,1,30
2214,4,104,1,31
2215,4,104,1,31
2216,4,102,1,29
2217,4,104,1,31
2218,4,104,1,31
2219,4,104,1,31
2220,4,104,1,31
2221,4,104,1,31
2222,4,104,1,31
2223,4,104,1,31
2224,4,102,1,29
2225,4,102,1,29
2226,4,102,1,29
2227,4,104,1,31
2228,4,102,1,29
2229,4,103,1,30
2230,4,105,1,32
2231,4,103,1,30
2232,4,104,1,31
2233,4,103,1,30
2234,4,102,1,29
2235,4,102,1,29
2236,4,103,1,30
2237,4,104,1,31
2238,4,103,1,30
2239,4,103,1,30
2240,4,104,1,31
2241,4,105,1,32
2242,4,105,1,32
2243,4,105,1,32
2244,4,103,1,30
2245,4,102,1,29
2246,4,102,1,29
2247,4,102,1,29
2248,4,102,1,29
2249,4,102,1,29
2250,4,102,1,29
2251,4,102,1,29
2252,4,103,1,30
2253,4,103,1,30
2254,4,102,1,29
2255,4,102,1,29
2256,4,103,1,30
2257,4,103,1,30
2258,4,102,1,29
2259,4,103,1,30
2260,4,102,1,29
2261,4,102,1,29
2262,4,102,1,29
2263,4,102,1,29
2264,4,102,1,29
2265,4,104,1,31
2266,4,102,1,29
2267,4,104,1,31
2268,4,104,1,31
2269,4,104,1,31
2270,4,104,1,31
2271,4,104,1,31
2272,4,104,1,31
2273,4,104,1,31
2274,4,103,1,30
2275,4,103,1,30
2276,4,102,1,29
2277,4,102,1,29
2278,4,102,1,29
2279,4,102,1,29
2280,4,102,1,29
2281,4,103,1,30
2282,4,102,1,29
2283,4,103,1,30
2284,4,101,1,28
2285,4,101,1,28
2286,4,101,1,28
2287,4,101,1,28
2288,4,101,1,28
2289,4,101,1,28
2290,4,101,1,28
2291,4,101,1,28
2292,4,101,1,28
2293,4,101,1,28
2294,4,101,1,28
2295,4,101,1,28
2296,4,102,1,29
2297,4,101,1,28
2298,4,101,1,28
2299,4,101,1,28
2300,4,102,1,29
2301,4,102,1,29
2302,4,102,1,29
2303,4,102,1,29
2304,4,101,1,28
2305,4,101,1,28
2306,4,101,1,28
2307,4,101,1,28
2308,4,101,1,28
2309,4,101,1,28
2310,4,101,1,28
2311,4,101,1,28
2312,4,102,1,29
2313,4,102,1,29
2314,4,102,1,29
2315,4,102,1,29
2316,4,102,1,29
2317,4,102,1,29
2318,4,101,1,28
2319,4,103,1,30
2320,4,103,1,30
2321,4,103,1,30
2322,4,102,1,29
2323,4,101,1,28
2324,4,101,1,28
2325,4,101,1,28
2326,4,102,1,29
2327,4,102,1,29
2328,4,102,1,29
2329,4,102,1,29
2330,4,102,1,29
2331,4,101,1,28
2332,4,102,1,29
2333,4,102,1,29
2334,4,101,1,28
2335,4,102,1,29
2336,4,102,1,29
2337,4,101,1,28
2338,4,101,1,28
2339,4,102,1,29
2340,4,101,1,28
2341,4,101,1,28
2342,4,101,1,28
2343,4,101,1,28
2344,4,101,1,28
2345,4,101,1,28
2346,4,102,1,29
2347,4,101,1,28
2348,4,101,1,28
2349,4,101,1,28
2350,4,101,1,28
2351,4,102,1,29
2352,4,103,1,30
2353,4,101,1,28
2354,4,101,1,28
2355,4,101,1,28
2356,4,101,1,28
2357,4,101,1,28
2358,4,101,1,28
2359,4,101,1,28
2360,4,101,1,28
2361,4,101,1,28
2362,4,101,1,28
2363,4,101,1,28
2364,4,101,1,28
2365,4,101,1,28
2366,4,101,1,28
2367,4,101,1,28
2368,4,101,1,28
2369,4,101,1,28
2370,4,101,1,28
2371,4,101,1,28
2372,4,101,1,28
2373,4,101,1,28
2374,4,101,1,28
2375,4,101,1,28
2376,4,101,1,28
2377,4,101,1,28
2378,4,101,1,28
2379,4,101,1,28
2380,4,101,1,28
2381,4,101,1,28
2382,4,101,1,28
2383,4,101,1,28
2384,4,101,1,28
2385,4,101,1,28
2386,4,101,1,28
2387,4,101,1,28
2388,4,101,1,28
2389,4,101,1,28
2390,4,102,1,29
2391,4,101,1,28
2392,4,101,1,28
2393,4,101,1,28
2394,4,102,1,29
2395,4,101,1,28
2396,4,101,1,28
2397,4,101,1,28
2398,4,101,1,28
2399,4,101,1,28
2400,4,101,1,28
2401,4,101,1,28
2402,4,101,1,28
2403,4,101,1,28
2404,4,101,1,28
2405,4,101,1,28
2406,4,101,1,28
2407,4,101,1,28
2408,4,101,1,28
2409,4,101,1,28
2410,4,101,1,28
2411,4,101,1,28
2412,4,101,1,28
2413,4,101,1,28
2414,4,103,1,30
2415,4,101,1,28
2416,4,101,1,28
2417,4,101,1,28
2418,4,101,1,28
2419,4,101,1,28
2420,4,101,1,28
2421,4,101,1,28
2422,4,102,1,29
2423,4,101,1,28
2424,4,101,1,28
2425,4,101,1,28
2426,4,101,1,28
2427,4,101,1,28
2428,4,101,1,28
2429,4,101,1,28
2430,4,101,1,28
2431,4,101,1,28
2432,4,101,1,28
2433,4,101,1,28
2434,4,101,1,28
2435,4,101,1,28
2436,4,101,1,28
2437,4,102,1,29
2438,4,102,1,29
2439,4,102,1,29
2440,4,102,1,29
2441,4,103,1,30
2442,4,103,1,30
2443,4,103,1,30
2444,4,103,1,30
2445,4,105,1,32
2446,4,105,1,32
2447,4,105,1,32
2448,4,105,1,32
2449,4,105,1,32
2450,4,105,1,32
2451,4,105,1,32
2452,4,105,1,32
2453,4,102,1,29
2454,4,102,1,29
2455,4,102,1,29
2456,4,102,1,29
2457,4,102,1,29
2458,4,102,1,29
2459,4,102,1,29
2460,4,102,1,29
2461,4,102,1,29
2462,4,101,1,28
2463,4,101,1,28
2464,4,101,1,28
2465,4,101,1,28
2466,5,1301,1,38
2467,5,1301,1,38
2468,5,1301,1,38
2469,5,1302,1,39
2470,5,1303,1,40
2471,5,1303,1,40
2472,5,1302,1,39
2473,5,1302,1,39
2474,5,1303,1,40
2475,5,1302,1,39
2476,5,1302,1,39
2477,5,1302,1,39
2478,5,1302,1,39
2479,5,1302,1,39
2480,5,1302,1,39
2481,5,1302,1,39
2482,5,1301,1,38
2483,5,1301,1,38
2484,5,1301,1,38
2485,5,1301,1,38
2486,5,1301,1,38
2487,5,1302,1,39
2488,5,1302,1,39
2489,5,1302,1,39
2490,5,1301,1,38
2491,5,1301,1,38
2492,5,1302,1,39
2493,5,1302,1,39
2494,5,1302,1,39
2495,5,1302,1,39
2496,5,1302,1,39
2497,5,1301,1,38
2498,5,1301,1,38
2499,5,1301,1,38
2500,5,1301,1,38
2501,5,1301,1,38
2502,5,1301,1,38
2503,5,1301,1,38
2504,5,1301,1,38
2505,5,1302,1,39
2506,5,1302,1,39
2507,5,1302,1,39
2508,5,1302,1,39
2509,5,1301,1,38
2510,5,1302,1,39
2511,5,1302,1,39
2512,5,1302,1,39
2513,5,1302,1,39
2514,5,1302,1,39
2515,5,1302,1,39
2516,5,1302,1,39
2517,5,1302,1,39
2518,5,1302,1,39
2519,5,1301,1,38
2520,5,1302,1,39
2521,5,1301,1,38
2522,5,1301,1,38
2523,5,1301,1,38
2524,5,1302,1,39
2525,5,1302,1,39
2526,5,1302,1,39
2527,5,1302,1,39
2528,5,1302,1,39
2529,5,1302,1,39
2530,5,1302,1,39
2531,5,1302,1,39
2532,5,1301,1,38
2533,5,1303,1,40
2534,5,1302,1,39
2535,5,1302,1,39
2536,5,1302,1,39
2537,5,1302,1,39
2538,5,1302,1,39
2539,5,1302,1,39
2540,5,1302,1,39
2541,5,1302,1,39
2542,5,1302,1,39
2543,5,1302,1,39
2544,5,1302,1,39
2545,5,1302,1,39
2546,5,1301,1,38
2547,5,1301,1,38
2548,5,1301,1,38
2549,5,1301,1,38
2550,5,1301,1,38
2551,5,1301,1,38
2552,5,1301,1,38
2553,5,1301,1,38
2554,5,1301,1,38
2555,5,1301,1,38
2556,5,1301,1,38
2557,5,1301,1,38
2558,5,1301,1,38
2559,5,1301,1,38
2560,5,1301,1,38
2561,5,1301,1,38
2562,5,1301,1,38
2563,5,1301,1,38
2564,5,1301,1,38
2565,5,1301,1,38
2566,5,1301,1,38
2567,5,1301,1,38
2568,5,1301,1,38
2569,5,1301,1,38
2570,5,1301,1,38
2571,5,1301,1,38
2572,5,1301,1,38
2573,5,1301,1,38
2574,5,1301,1,38
2575,5,1301,1,38
2576,5,1301,1,38
2577,5,1301,1,38
2578,5,1301,1,38
2579,5,1301,1,38
2580,5,1301,1,38
2581,5,1303,1,40
2582,5,1303,1,40
2583,5,1303,1,40
2584,5,1301,1,38
2585,5,1302,1,39
2586,5,1302,1,39
2587,5,1301,1,38
2588,5,1301,1,38
2589,5,1301,1,38
2590,5,1301,1,38
2591,5,1301,1,38
2592,5,1303,1,40
2593,5,1302,1,39
2594,5,1301,1,38
2595,5,1301,1,38
2596,5,1302,1,39
2597,5,1302,1,39
2598,5,1302,1,39
2599,5,1302,1,39
2600,5,1301,1,38
2601,5,1301,1,38
2602,5,1301,1,38
2603,5,1302,1,39
2604,5,1301,1,38
2605,5,1301,1,38
2606,5,1303,1,40
2607,5,1303,1,40
2608,5,1303,1,40
2609,5,1303,1,40
2610,5,1307,1,44
2611,5,1306,1,43
2612,5,1306,1,43
2613,5,1306,1,43
2614,5,1306,1,43
2615,5,1303,1,40
2616,5,1303,1,40
2617,5,1303,1,40
2618,5,1303,1,40
2619,5,1303,1,40
2620,5,1303,1,40
2621,5,1303,1,40
2622,5,1307,1,44
2623,5,1307,1,44
2624,5,1307,1,44
2625,5,1307,1,44
2626,5,1306,1,43
2627,5,1306,1,43
2628,5,1303,1,40
2629,5,1306,1,43
2630,5,1307,1,44
2631,5,1306,1,43
2632,5,1306,1,43
2633,5,1304,1,41
2634,5,1306,1,43
2635,5,1306,1,43
2636,5,1303,1,40
2637,5,1303,1,40
2638,5,1303,1,40
2639,5,1303,1,40
2640,5,1303,1,40
2641,5,1303,1,40
2642,5,1307,1,44
2643,5,1306,1,43
2644,5,1303,1,40
2645,5,1303,1,40
2646,5,1303,1,40
2647,5,1303,1,40
2648,5,1303,1,40
2649,5,1303,1,40
2650,5,1303,1,40
2651,5,1303,1,40
2652,5,1306,1,43
2653,5,1306,1,43
2654,5,1306,1,43
2655,5,1303,1,40
2656,5,1307,1,44
2657,5,1307,1,44
2658,5,1303,1,40
2659,5,1303,1,40
2660,5,1303,1,40
2661,5,1303,1,40
2662,5,1304,1,41
2663,5,1303,1,40
2664,5,1303,1,40
2665,5,1303,1,40
2666,5,1303,1,40
2667,5,1303,1,40
2668,5,1303,1,40
2669,5,1303,1,40
2670,5,1303,1,40
2671,5,1303,1,40
2672,5,1307,1,44
2673,5,1307,1,44
2674,5,1307,1,44
2675,5,1303,1,40
2676,5,1303,1,40
2677,5,1303,1,40
2678,5,1303,1,40
2679,5,1306,1,43
2680,5,1306,1,43
2681,5,1303,1,40
2682,5,1307,1,44
2683,5,1303,1,40
2684,5,1303,1,40
2685,5,1306,1,43
2686,5,1306,1,43
2687,5,1306,1,43
2688,5,1306,1,43
2689,5,1306,1,43
2690,5,1303,1,40
2691,5,1303,1,40
2692,5,1303,1,40
2693,5,1303,1,40
2694,5,1303,1,40
2695,5,1306,1,43
2696,5,1303,1,40
2697,5,1303,1,40
2698,5,1307,1,44
2699,5,1307,1,44
2700,5,1307,1,44
2701,5,1307,1,44
2702,5,1304,1,41
2703,5,1304,1,41
2704,5,1306,1,43
2705,5,1306,1,43
2706,5,1306,1,43
2707,5,1304,1,41
2708,5,1304,1,41
2709,5,1306,1,43
2710,5,1306,1,43
2711,5,1304,1,41
2712,5,1304,1,41
2713,5,1304,1,41
2714,5,1304,1,41
2715,5,1304,1,41
2716,5,1304,1,41
2717,5,1304,1,41
2718,5,1304,1,41
2719,5,1304,1,41
2720,5,1304,1,41
2721,5,1306,1,43
2722,5,1304,1,41
2723,5,1304,1,41
2724,5,1306,1,43
2725,5,1306,1,43
2726,5,1304,1,41
2727,5,1304,1,41
2728,5,1304,1,41
2729,5,1304,1,41
2730,5,1306,1,43
2731,5,1306,1,43
2732,5,1306,1,43
2733,5,1304,1,41
2734,5,1306,1,43
2735,5,1304,1,41
2736,5,1304,1,41
2737,5,1306,1,43
2738,5,1304,1,41
2739,5,1304,1,41
2740,5,1304,1,41
2741,5,1304,1,41
2742,5,1304,1,41
2743,5,1304,1,41
2744,5,1304,1,41
2745,5,1306,1,43
2746,5,1306,1,43
2747,5,1306,1,43
2748,5,1306,1,43
2749,5,1304,1,41
2750,5,1304,1,41
2751,5,1304,1,41
2752,5,1304,1,41
2753,5,1306,1,43
2754,5,1304,1,41
2755,5,1304,1,41
2756,5,1304,1,41
2757,5,1304,1,41
2758,5,1304,1,41
2759,5,1304,1,41
2760,5,1304,1,41
2761,5,1304,1,41
2762,5,1304,1,41
2763,5,1304,1,41
2764,5,1304,1,41
2765,5,1304,1,41
2766,5,1305,1,42
2767,5,1305,1,42
2768,5,1305,1,42
2769,5,1305,1,42
2770,5,1306,1,43
2771,5,1305,1,42
2772,5,1305,1,42
2773,5,1305,1,42
2774,5,1305,1,42
2775,5,1305,1,42
2776,5,1305,1,42
2777,5,1304,1,41
2778,5,1304,1,41
2779,5,1305,1,42
2780,5,1305,1,42
2781,5,1305,1,42
2782,5,1305,1,42
2783,5,1305,1,42
2784,5,1305,1,42
2785,5,1305,1,42
2786,5,1305,1,42
2787,5,1305,1,42
2788,5,1305,1,42
2789,5,1305,1,42
2790,5,1305,1,42
2791,5,1305,1,42
2792,5,1309,1,46
2793,5,1308,1,45
2794,5,1308,1,45
2795,5,1308,1,45
2796,5,1308,1,45
2797,5,1307,1,44
2798,5,1307,1,44
2799,5,1309,1,46
2800,5,1309,1,46
2801,5,1309,1,46
2802,5,1308,1,45
2803,5,1308,1,45
2804,5,1308,1,45
2805,5,1308,1,45
2806,5,1307,1,44
2807,5,1307,1,44
2808,5,1307,1,44
2809,5,1307,1,44
2810,5,1307,1,44
2811,5,1308,1,45
2812,5,1308,1,45
2813,5,1308,1,45
2814,5,1309,1,46
2815,5,1309,1,46
2816,5,1307,1,44
2817,5,1309,1,46
2818,5,1307,1,44
2819,5,1307,1,44
2820,5,1309,1,46
2821,5,1307,1,44
2822,5,1309,1,46
2823,5,1309,1,46
2824,5,1309,1,46
2825,5,1309,1,46
2826,5,1309,1,46
2827,5,1309,1,46
2828,5,1309,1,46
2829,5,1309,1,46
2830,5,1307,1,44
2831,5,1308,1,45
2832,5,1308,1,45
2833,5,1308,1,45
2834,5,1307,1,44
2835,5,1309,1,46
2836,5,1309,1,46
2837,5,1308,1,45
2838,5,1308,1,45
2839,5,1308,1,45
2840,5,1307,1,44
2841,5,1307,1,44
2842,5,1307,1,44
2843,5,1307,1,44
2844,5,1308,1,45
2845,5,1308,1,45
2846,5,1308,1,45
2847,5,1308,1,45
2848,5,1308,1,45
2849,5,1308,1,45
2850,5,1308,1,45
2851,5,1308,1,45
2852,5,1308,1,45
2853,5,1308,1,45
2854,5,1308,1,45
2855,5,1307,1,44
2856,5,1307,1,44
2857,5,1307,1,44
2858,5,1307,1,44
2859,5,1307,1,44
2860,5,1307,1,44
2861,5,1307,1,44
2862,5,1307,1,44
2863,5,1307,1,44
2864,5,1307,1,44
2865,5,1307,1,44
2866,5,1307,1,44
2867,5,1308,1,45
2868,5,1309,1,46
2869,5,1307,1,44
2870,5,1307,1,44
2871,5,1307,1,44
2872,5,1307,1,44
2873,5,1308,1,45
2874,5,1308,1,45
2875,5,1307,1,44
2876,5,1307,1,44
2877,5,1307,1,44
2878,5,1307,1,44
2879,5,1309,1,46
2880,5,1309,1,46
2881,5,1309,1,46
2882,5,1309,1,46
2883,5,1309,1,46
2884,5,1309,1,46
2885,5,1309,1,46
2886,5,1309,1,46
2887,5,1309,1,46
2888,5,1309,1,46
2889,5,1309,1,46
2890,5,1309,1,46
2891,5,1309,1,46
2892,5,1308,1,45
2893,5,1309,1,46
2894,5,1308,1,45
2895,5,1309,1,46
2896,5,1308,1,45
2897,5,1309,1,46
2898,5,1309,1,46
2899,6,9501,1,47
2900,6,9501,1,47
2901,6,9501,1,47
2902,6,9501,1,47
2903,6,9501,1,47
2904,6,9501,1,47
2905,6,9501,1,47
2906,6,9501,1,47
2907,6,9501,1,47
2908,6,9501,1,47
2909,6,9501,1,47
2910,6,9501,1,47
2911,6,9501,1,47
2912,6,9501,1,47
2913,6,9501,1,47
2914,6,9501,1,47
2915,6,9501,1,47
2916,6,9501,1,47
2917,6,9501,1,47
2918,6,9501,1,47
2919,6,9501,1,47
2920,6,9501,1,47
2921,6,9501,1,47
2922,6,9501,1,47
2923,6,9501,1,47
2924,6,9501,1,47
2925,6,9501,1,47
2926,6,9501,1,47
2927,6,9501,1,47
2928,6,9501,1,47
2929,6,9501,1,47
2930,6,9501,1,47
2931,6,9501,1,47
2932,6,9501,1,47
2933,6,9501,1,47
2934,6,9501,1,47
2935,6,9501,1,47
2936,6,9501,1,47
2937,6,9501,1,47
2938,6,9501,1,47
2939,6,9501,1,47
2940,6,9501,1,47
2941,6,9501,1,47
2942,6,9501,1,47
2943,6,9501,1,47
2944,6,9501,1,47
2945,6,9501,1,47
2946,6,9501,1,47
2947,6,9501,1,47
2948,6,9501,1,47
2949,6,9501,1,47
2950,6,9501,1,47
2951,6,9501,1,47
2952,6,9501,1,47
2953,6,9501,1,47
2954,6,9501,1,47
2955,6,9501,1,47
2956,6,9501,1,47
2957,6,9501,1,47
2958,6,9501,1,47
2959,6,9501,1,47
2960,6,9502,1,48
2961,6,9502,1,48
2962,6,9502,1,48
2963,6,9502,1,48
2964,6,9503,1,49
2965,6,9503,1,49
2966,6,9503,1,49
2967,6,9503,1,49
2968,6,9503,1,49
2969,6,9503,1,49
2970,6,9503,1,49
2971,6,9502,1,48
2972,6,9502,1,48
2973,6,9502,1,48
2974,6,9502,1,48
2975,6,9502,1,48
2976,6,9502,1,48
2977,6,9502,1,48
2978,6,9502,1,48
2979,6,9502,1,48
2980,6,9502,1,48
2981,6,9502,1,48
2982,6,9502,1,48
2983,6,9502,1,48
2984,6,9502,1,48
2985,6,9502,1,48
2986,6,9502,1,48
2987,6,9503,1,49
2988,6,9503,1,49
2989,6,9503,1,49
2990,6,9503,1,49
2991,6,9503,1,49
2992,6,9503,1,49
2993,6,9503,1,49
2994,6,9503,1,49
2995,6,9503,1,49
2996,6,9503,1,49
2997,6,9503,1,49
2998,6,9502,1,48
2999,6,9502,1,48
3000,6,9503,1,49
3001,6,9503,1,49
3002,6,9503,1,49
3003,6,9503,1,49
3004,6,9503,1,49
3005,6,9502,1,48
3006,6,9502,1,48
3007,6,9503,1,49
3008,6,9503,1,49
3009,6,9503,1,49
3010,6,9503,1,49
3011,6,9503,1,49
3012,6,9502,1,48
3013,6,9502,1,48
3014,6,9502,1,48
3015,6,9502,1,48
3016,6,9502,1,48
3017,6,9502,1,48
3018,6,9502,1,48
3019,6,9503,1,49
3020,6,9502,1,48
3021,6,9502,1,48
3022,6,9502,1,48
3023,6,9502,1,48
3024,6,9502,1,48
3025,6,9502,1,48
3026,6,9502,1,48
3027,6,9502,1,48
3028,6,9502,1,48
3029,6,9502,1,48
3030,6,9502,1,48
3031,6,9503,1,49
3032,6,9503,1,49
3033,6,9503,1,49
3034,6,9503,1,49
3035,6,9503,1,49
3036,6,9503,1,49
3037,6,9503,1,49
3038,6,9503,1,49
3039,6,9503,1,49
3040,6,9503,1,49
3041,6,9503,1,49
3042,6,9503,1,49
3043,6,9503,1,49
3044,6,9503,1,49
3045,6,9503,1,49
3046,6,9502,1,48
3047,7,5500,1,50
3048,7,5500,1,50
3049,7,5500,1,50
3050,7,5500,1,50
3051,7,5500,1,50
3052,7,5500,1,50
3053,7,5500,1,50
3054,7,5500,1,50
3055,7,5500,1,50
3056,7,5500,1,50
3057,7,5500,1,50
3058,7,5500,1,50
3059,7,5500,1,50
3060,7,5500,1,50
3061,7,5500,1,50
3062,7,5500,1,50
3063,7,5500,1,50
3064,7,5500,1,50
3065,7,5500,1,50
3066,7,5500,1,50
3067,7,5500,1,50
3068,7,5500,1,50
3069,7,5500,1,50
3070,7,5500,1,50
3071,7,5500,1,50
3072,7,5500,1,50
3073,7,5500,1,50
3074,7,5500,1,50
3075,7,5500,1,50
3076,7,5500,1,50
3077,7,5500,1,50
3078,7,5500,1,50
3079,7,5500,1,50
3080,7,5500,1,50
3081,7,5500,1,50
3082,7,5500,1,50
3083,7,5500,1,50
3084,7,5500,1,50
3085,7,5500,1,50
3086,7,5500,1,50
3087,7,5500,1,50
3088,7,5500,1,50
3089,7,5500,1,50
3090,7,5500,1,50
3091,7,5500,1,50
3092,7,5500,1,50
3093,7,5500,1,50
3094,7,5500,1,50
3095,7,5500,1,50
3096,7,5500,1,50
3097,7,5500,1,50
3098,7,5500,1,50
3099,7,5500,1,50
3100,7,5500,1,50
3101,7,5500,1,50
3102,7,5500,1,50
3103,7,5500,1,50
3104,8,9701,1,51
3105,8,9701,1,51
3106,8,9701,1,51
3107,8,9701,1,51
3108,8,9702,1,52
3109,8,9702,1,52
3110,8,9702,1,52
3111,8,9702,1,52
3112,8,9702,1,52
3113,8,9702,1,52
3114,8,9702,1,52
3115,8,9702,1,52
3116,8,9702,1,52
3117,8,9702,1,52
3118,8,9702,1,52
3119,8,9702,1,52
3120,8,9702,1,52
3121,8,9702,1,52
3122,8,9702,1,52
3123,8,9702,1,52
3124,8,9701,1,51
3125,8,9702,1,52
3126,8,9702,1,52
3127,8,9702,1,52
3128,8,9702,1,52
3129,8,9702,1,52
3130,8,9701,1,51
3131,8,9701,1,51
3132,8,9701,1,51
3133,8,9702,1,52
3134,8,9703,1,53
3135,8,9701,1,51
3136,8,9703,1,53
3137,8,9703,1,53
3138,8,9703,1,53
3139,8,9701,1,51
3140,8,9702,1,52
3141,8,9701,1,51
3142,8,9703,1,53
3143,8,9703,1,53
3144,8,9703,1,53
3145,8,9703,1,53
3146,8,9703,1,53
3147,8,9703,1,53
3148,8,9703,1,53
3149,8,9703,1,53
3150,8,9703,1,53
3151,8,9701,1,51
3152,8,9703,1,53
3153,8,9703,1,53
3154,8,9703,1,53
3155,8,9703,1,53
3156,8,9703,1,53
3157,8,9703,1,53
3158,8,9703,1,53
3159,8,9703,1,53
3160,8,9703,1,53
3161,8,9701,1,51
3162,8,9701,1,51
3163,8,9701,1,51
3164,8,9701,1,51
3165,8,9701,1,51
3166,8,9703,1,53
3167,8,9703,1,53
3168,8,9703,1,53
3169,8,9703,1,53
3170,8,9703,1,53
3171,8,9703,1,53
3172,8,9703,1,53
3173,8,9703,1,53
3174,8,9703,1,53
3175,8,9703,1,53
3176,8,9701,1,51
3177,8,9701,1,51
3178,8,9701,1,51
3179,8,9701,1,51
3180,8,9701,1,51
3181,8,9701,1,51
3182,8,9701,1,51
3183,8,9701,1,51
3184,8,9701,1,51
3185,8,9701,1,51
3186,8,9701,1,51
3187,8,9701,1,51
3188,8,9701,1,51
3189,8,9701,1,51
3190,8,9701,1,51
3191,8,9701,1,51
3192,8,9701,1,51
3193,8,9702,1,52
3194,8,9701,1,51
3195,8,9701,1,51
3196,8,9701,1,51
3197,8,9701,1,51
3198,8,9701,1,51
3199,8,9701,1,51
3200,8,9701,1,51
3201,8,9701,1,51
3202,8,9701,1,51
3203,8,9701,1,51
3204,8,9701,1,51
3205,8,9701,1,51
3206,8,9701,1,51
3207,8,9701,1,51
3208,8,9701,1,51
3209,8,9701,1,51
3210,8,9701,1,51
3211,8,9701,1,51
3212,8,9701,1,51
3213,8,9701,1,51
3214,8,9703,1,53
3215,8,9703,1,53
3216,8,9703,1,53
3217,8,9703,1,53
3218,8,9703,1,53
3219,8,9703,1,53
3220,8,9703,1,53
3221,8,9703,1,53
3222,8,9703,1,53
3223,8,9703,1,53
3224,8,9703,1,53
3225,8,9703,1,53
3226,8,9703,1,53
3227,8,9703,1,53
3228,8,9702,1,52
3229,8,9702,1,52
3230,8,9702,1,52
3231,8,9702,1,52
3232,8,9702,1,52
3233,8,9702,1,52
3234,8,9702,1,52
3235,8,9702,1,52
3236,8,9702,1,52
3237,8,9702,1,52
3238,8,9702,1,52
3239,8,9702,1,52
3240,8,9702,1,52
3241,8,9702,1,52
3242,8,9702,1,52
3243,8,9702,1,52
3244,8,9702,1,52
3245,8,9702,1,52
3246,8,9702,1,52
3247,8,9702,1,52
3248,8,9702,1,52
3249,8,9702,1,52
3250,8,9702,1,52
3251,8,9703,1,53
3252,8,9701,1,51
3253,9,4101,1,54
3254,9,4101,1,54
3255,9,4101,1,54
3256,9,4101,1,54
3257,9,4101,1,54
3258,9,4101,1,54
3259,9,4101,1,54
3260,9,4101,1,54
3261,9,4101,1,54
3262,9,4101,1,54
3263,9,4101,1,54
3264,9,4101,1,54
3265,9,4101,1,54
3266,9,4101,1,54
3267,9,4101,1,54
3268,9,4101,1,54
3269,9,4101,1,54
3270,9,4102,1,55
3271,9,4102,1,55
3272,9,4101,1,54
3273,9,4101,1,54
3274,9,4101,1,54
3275,9,4101,1,54
3276,9,4101,1,54
3277,9,4102,1,55
3278,9,4102,1,55
3279,9,4102,1,55
3280,9,4102,1,55
3281,9,4102,1,55
3282,9,4102,1,55
3283,9,4102,1,55
3284,9,4102,1,55
3285,9,4102,1,55
3286,9,4102,1,55
3287,9,4102,1,55
3288,9,4102,1,55
3289,9,4102,1,55
3290,9,4101,1,54
3291,9,4102,1,55
3292,9,4102,1,55
3293,9,4102,1,55
3294,9,4102,1,55
3295,9,4102,1,55
3296,9,4102,1,55
3297,9,4102,1,55
3298,9,4102,1,55
3299,9,4102,1,55
3300,9,4102,1,55
3301,9,4102,1,55
3302,9,4102,1,55
3303,9,4102,1,55
3304,9,4101,1,54
3305,9,4101,1,54
3306,9,4101,1,54
3307,9,4101,1,54
3308,9,4101,1,54
3309,9,4101,1,54
3310,9,4101,1,54
3311,9,4101,1,54
3312,9,4101,1,54
3313,9,4101,1,54
3314,9,4101,1,54
3315,9,4101,1,54
3316,9,4101,1,54
3317,9,4101,1,54
3318,9,4102,1,55
3319,9,4102,1,55
3320,9,4102,1,55
3321,9,4102,1,55
3322,9,4102,1,55
3323,9,4102,1,55
3324,9,4102,1,55
3325,9,4102,1,55
3326,9,4102,1,55
3327,9,4102,1,55
3328,9,4102,1,55
3329,9,4102,1,55
3330,9,4102,1,55
3331,9,4102,1,55
3332,9,4102,1,55
